name,Time,TBulding,TSolving,Obj,Obj-GNN,Obj-MO,#Q,Size-A,Den-AO%,Cnt-AO,Den-AK%,Cnt-AK,Lim,CntX,Size-X-x,Size-X-y,Size-T-x,Size-T-y,R
cora_p_1,07-10-2022 06-53-24,42.42699217796326,0.8646378517150879,0.0,-52508.140020461455,-52508.12973380971,1270332,426,0.9863563225991315,1790,0.9863563225991315,1790,179,178,426,1433,1433,7,[211]
